<?xml version="1.0" encoding="UTF-8"?>
<beans xmlns="http://www.springframework.org/schema/beans"
	xmlns:xsi="http://www.w3.org/2001/XMLSchema-instance"
	xmlns:context="http://www.springframework.org/schema/context"
	xmlns:mvc="http://www.springframework.org/schema/mvc"
	xsi:schemaLocation="
        http://www.springframework.org/schema/beans http://www.springframework.org/schema/beans/spring-beans.xsd
        http://www.springframework.org/schema/context http://www.springframework.org/schema/context/spring-context.xsd
        http://www.springframework.org/schema/mvc http://www.springframework.org/schema/mvc/spring-mvc.xsd">

	<!-- 1. 启动Controller自动扫描包 -->
	<context:component-scan	base-package="com.ct.controller" />

	<!-- 2. 配置视图解析器 -->

	<bean class="org.springframework.web.servlet.view.InternalResourceViewResolver">

		<property name="prefix" value="/WEB-INF/" />
		<property name="suffix" value=".jsp" />

	</bean>	

	<!-- 3. 配置SpringMVC的注解驱动 -->
	<mvc:annotation-driven></mvc:annotation-driven>
	
	<!-- 4. 静态资源解析器 -->
	<mvc:default-servlet-handler/>
	
	<!-- 5. 异常处理解析器配置 -->
	<bean  id="springExceptionResolver" class="com.ct.resolver.GlobalExceptionHandler" />
	
	<!-- 配置登录拦截器 -->

	<mvc:interceptors>
		<mvc:interceptor>
			<mvc:mapping path="/**"/>
			<bean class="com.ct.interceptor.LoginInterceptor"/>
		</mvc:interceptor>
	</mvc:interceptors>
 

	
</beans>
