<?xml version="1.0" encoding="UTF-8"?>
<beans xmlns="http://www.springframework.org/schema/beans"
	xmlns:xsi="http://www.w3.org/2001/XMLSchema-instance"
	xmlns:aop="http://www.springframework.org/schema/aop"
	xmlns:context="http://www.springframework.org/schema/context"
	xmlns:jdbc="http://www.springframework.org/schema/jdbc"
	xmlns:tx="http://www.springframework.org/schema/tx"
	xsi:schemaLocation="http://www.springframework.org/schema/jdbc http://www.springframework.org/schema/jdbc/spring-jdbc-4.3.xsd
		http://www.springframework.org/schema/beans http://www.springframework.org/schema/beans/spring-beans.xsd
		http://www.springframework.org/schema/context http://www.springframework.org/schema/context/spring-context-4.3.xsd
		http://www.springframework.org/schema/aop http://www.springframework.org/schema/aop/spring-aop-4.3.xsd
		http://www.springframework.org/schema/tx http://www.springframework.org/schema/tx/spring-tx-4.3.xsd">
	
	<!-- 1. 引入数据库连接properties文件 -->
	<context:property-placeholder location="classpath:Jdbc.properties"/>
	
	<!-- 2. 注册数据源 -->
	<bean id="dataSource" class="com.mchange.v2.c3p0.ComboPooledDataSource">
		<property name="driverClass" value="${jdbc.driverClass}"/>
		<property name="jdbcUrl" value="${jdbc.jdbcUrl}"/>
		<property name="user" value="${jdbc.user}"/>
		<property name="password" value="${jdbc.password}"/>
		
	</bean>
	
	<!-- 3. 配置MyBatis-Spring的SessionFactory -->
	<bean id="sessionFactory" class="org.mybatis.spring.SqlSessionFactoryBean">
		<property name="dataSource" ref="dataSource"/>
	</bean> 
	
	<!-- 4. 配置MyBatis扫描包 -->
	<!--  配置映射接口类  -->
 	<bean id="mapperScannerConfigurer"  class="org.mybatis.spring.mapper.MapperScannerConfigurer">
 		<!--扫描映射接口 -->
        <property name="basePackage" value="com.ct.dao"/>
	</bean>

	<!-- 5. 配置扫描的注解类 -->
	<context:component-scan base-package="com.ct.service.impl"></context:component-scan>

</beans>